기준일,예금            ,예금미수이자    ,콜론            ,콜미수이자      ,정기예금        ,정기예금미수이자,REPO            ,REPO미수이자    ,채권            ,채권미수이자    ,외화예금        ,외화정기예금    ,외화예금미수이자,외화채권        ,외화채권미수이자
20250101,2246153208,6677642,0,0,0,0,0,0,0,0,0,0,0,0,0
20250102,2070075158,299179,0,0,0,0,0,0,0,0,0,0,0,0,0
20250103,1920549798,432302,0,0,0,0,0,0,0,0,0,0,0,0,0
20250104,1920549798,565425,0,0,0,0,0,0,0,0,0,0,0,0,0
20250105,1920549798,698548,0,0,0,0,0,0,0,0,0,0,0,0,0
20250106,2980106153,905115,0,0,0,0,0,0,0,0,0,0,0,0,0
20250107,3834228990,1170884,0,0,0,0,0,0,0,0,0,0,0,0,0
20250108,3944491069,1444297,0,0,0,0,0,0,0,0,0,0,0,0,0
20250109,4249095783,1738823,0,0,0,0,0,0,0,0,0,0,0,0,0
20250110,3259141963,1964731,0,0,0,0,0,0,0,0,0,0,0,0,0
20250111,3259141963,2190639,0,0,0,0,0,0,0,0,0,0,0,0,0
20250112,3259141963,2416546,0,0,0,0,0,0,0,0,0,0,0,0,0
20250113,2538362682,2592493,0,0,0,0,0,0,0,0,0,0,0,0,0
20250114,206935054,2606837,0,0,0,0,0,0,0,0,0,0,0,0,0
20250115,2906033339,2808269,0,0,0,0,0,0,0,0,0,0,0,0,0
20250116,2726564668,2997261,0,0,0,0,0,0,0,0,0,0,0,0,0
20250117,3294514698,3225620,0,0,0,0,0,0,0,0,0,0,0,0,0
20250118,3294514698,3453980,0,0,0,0,0,0,0,0,0,0,0,0,0
20250119,3294514698,3682339,0,0,0,0,0,0,0,0,0,0,0,0,0
20250120,2193739709,3834399,0,0,0,0,0,0,0,0,0,0,0,0,0
20250121,2495780087,4007394,0,0,0,0,0,0,0,0,0,0,0,0,0
20250122,2506272587,4181116,0,0,0,0,0,0,0,0,0,0,0,0,0
20250123,2502817924,4354599,0,0,0,0,0,0,0,0,0,0,0,0,0
20250124,1270123489,4442638,0,0,0,0,0,0,0,0,0,0,0,0,0
20250125,1270123489,4530677,0,0,0,0,0,0,0,0,0,0,0,0,0
20250126,1270123489,4618715,0,0,0,0,0,0,0,0,0,0,0,0,0
20250127,1270123489,4706754,0,0,0,0,0,0,0,0,0,0,0,0,0
20250128,1270123489,4794793,0,0,0,0,0,0,0,0,0,0,0,0,0
20250129,1270123489,4882831,0,0,0,0,0,0,0,0,0,0,0,0,0
20250130,1270123489,4970870,0,0,0,0,0,0,0,0,0,0,0,0,0
20250131,2039749117,5112255,0,0,0,0,0,0,0,0,0,0,0,0,0
20250201,2039749117,5253640,0,0,0,0,0,0,0,0,0,0,0,0,0
20250202,2039749117,5395025,0,0,0,0,0,0,0,0,0,0,0,0,0
20250203,258554089,300692,0,0,0,0,0,0,0,0,0,0,0,0,0
20250204,4341983575,601657,0,0,0,0,0,0,0,0,0,0,0,0,0
20250205,3189655412,822748,0,0,0,0,0,0,0,0,0,0,0,0,0
20250206,1903411673,954683,0,0,0,0,0,0,0,0,0,0,0,0,0
20250207,3117980778,1170806,0,0,0,0,0,0,0,0,0,0,0,0,0
20250208,3117980778,1386929,0,0,0,0,0,0,0,0,0,0,0,0,0
20250209,3117980778,1603052,0,0,0,0,0,0,0,0,0,0,0,0,0
20250210,910105863,1666136,0,0,0,0,0,0,0,0,0,0,0,0,0
20250211,2909755660,1867826,0,0,0,0,0,0,0,0,0,0,0,0,0
20250212,4883920612,2206355,0,0,0,0,0,0,0,0,0,0,0,0,0
20250213,1938800988,2340744,0,0,0,0,0,0,0,0,0,0,0,0,0
20250214,3773237288,2602286,0,0,0,0,0,0,0,0,0,0,0,0,0
20250215,3773237288,2863828,0,0,0,0,0,0,0,0,0,0,0,0,0
20250216,3773237288,3125370,0,0,0,0,0,0,0,0,0,0,0,0,0
20250217,1781994859,3248889,0,0,0,0,0,0,0,0,0,0,0,0,0
20250218,5926954934,3659717,0,0,0,0,0,0,0,0,0,0,0,0,0
20250219,4709713928,3986171,0,0,0,0,0,0,0,0,0,0,0,0,0
20250220,6294561448,4422479,0,0,0,0,0,0,0,0,0,0,0,0,0
20250221,594244476,4463669,0,0,0,0,0,0,0,0,0,0,0,0,0
20250222,594244476,4504859,0,0,0,0,0,0,0,0,0,0,0,0,0
20250223,594244476,4546049,0,0,0,0,0,0,0,0,0,0,0,0,0
20250224,4026638549,4825156,0,0,0,0,0,0,0,0,0,0,0,0,0
20250225,3901376424,5095580,0,0,0,0,0,0,0,0,0,0,0,0,0
20250226,3901376424,5341420,0,0,0,0,0,0,0,0,0,0,0,0,0
20250227,5529473873,5689852,0,0,0,0,0,0,0,0,0,0,0,0,0
20250228,1997425058,5815717,0,0,0,0,0,0,0,0,0,0,0,0,0
20250301,1997425058,5941582,0,0,0,0,0,0,0,0,0,0,0,0,0
20250302,1997425058,6067447,0,0,0,0,0,0,0,0,0,0,0,0,0
20250303,1997425058,6193312,0,0,0,0,0,0,0,0,0,0,0,0,0
20250304,1931340775,499296,0,0,0,0,0,0,0,0,0,0,0,0,0
20250305,2603672210,663363,0,0,0,0,0,0,0,0,0,0,0,0,0
20250306,6089914380,1047111,0,0,0,0,0,0,0,0,0,0,0,0,0
20250307,1396150442,1135087,0,0,0,0,0,0,0,0,0,0,0,0,0
20250308,1396150442,1223064,0,0,0,0,0,0,0,0,0,0,0,0,0
20250309,1396150442,1311041,0,0,0,0,0,0,0,0,0,0,0,0,0
20250310,2179918007,1448405,0,0,0,0,0,0,0,0,0,0,0,0,0
20250311,1962515989,1572071,0,0,0,0,0,0,0,0,0,0,0,0,0
20250312,1620690719,1674197,0,0,0,0,0,0,0,0,0,0,0,0,0
20250313,4409474867,1952054,0,0,0,0,0,0,0,0,0,0,0,0,0
20250314,1211190537,2028375,0,0,0,0,0,0,0,0,0,0,0,0,0
20250315,1211190537,2104697,0,0,0,0,0,0,0,0,0,0,0,0,0
20250316,1211190537,2181019,0,0,0,0,0,0,0,0,0,0,0,0,0
20250317,5013645892,2496947,0,0,0,0,0,0,0,0,0,0,0,0,0
20250318,5562279197,2847447,0,0,0,0,0,0,0,0,0,0,0,0,0
20250319,4077116907,3104361,0,0,0,0,0,0,0,0,0,0,0,0,0
20250320,4194382302,3368665,0,0,0,0,0,0,0,0,0,0,0,0,0
20250321,3994625562,3620381,0,0,0,0,0,0,0,0,0,0,0,0,0
20250322,3994625562,3872097,0,0,0,0,0,0,0,0,0,0,0,0,0
20250323,3994625562,4123813,0,0,0,0,0,0,0,0,0,0,0,0,0
20250324,3295421227,4331470,0,0,0,0,0,0,0,0,0,0,0,0,0
20250325,1176573072,4405610,0,0,0,0,0,0,0,0,0,0,0,0,0
20250326,1285706451,4486627,0,0,0,0,0,0,0,0,0,0,0,0,0
20250327,3097746680,4681827,0,0,0,0,0,0,0,0,0,0,0,0,0
20250328,1453098565,4773393,0,0,0,0,0,0,0,0,0,0,0,0,0
20250329,1453098565,4864958,0,0,0,0,0,0,0,0,0,0,0,0,0
20250330,1453098565,4956523,0,0,0,0,0,0,0,0,0,0,0,0,0
20250331,638681835,4996768,0,0,0,0,0,0,0,0,0,0,0,0,0
20250401,2375651353,149698,0,0,0,0,0,0,0,0,0,0,0,0,0
20250402,6755953286,575416,0,0,0,0,0,0,0,0,0,0,0,0,0
20250403,1123406377,646206,0,0,0,0,0,0,0,0,0,0,0,0,0
20250404,3191190740,847294,0,0,0,0,0,0,0,0,0,0,0,0,0
20250405,3191190740,1048383,0,0,0,0,0,0,0,0,0,0,0,0,0
20250406,3191190740,1249472,0,0,0,0,0,0,0,0,0,0,0,0,0
20250407,3525040945,1471598,0,0,0,0,0,0,0,0,0,0,0,0,0
20250408,3409897108,1686468,0,0,0,0,0,0,0,0,0,0,0,0,0
20250409,6515588941,2097039,0,0,0,0,0,0,0,0,0,0,0,0,0
20250410,7278914982,2555711,0,0,0,0,0,0,0,0,0,0,0,0,0
20250411,7111756273,3003849,0,0,0,0,0,0,0,0,0,0,0,0,0
20250412,7111756273,3451987,0,0,0,0,0,0,0,0,0,0,0,0,0
20250413,7111756273,3900125,0,0,0,0,0,0,0,0,0,0,0,0,0
20250414,7971653849,4402448,0,0,0,0,0,0,0,0,0,0,0,0,0
20250415,4044575209,4657312,0,0,0,0,0,0,0,0,0,0,0,0,0
20250416,4280292324,4927029,0,0,0,0,0,0,0,0,0,0,0,0,0
20250417,5213997315,5255582,0,0,0,0,0,0,0,0,0,0,0,0,0
20250418,6719467549,5679001,0,0,0,0,0,0,0,0,0,0,0,0,0
20250419,6719467549,6102419,0,0,0,0,0,0,0,0,0,0,0,0,0
20250420,6719467549,6525838,0,0,0,0,0,0,0,0,0,0,0,0,0
20250421,6436799507,6931444,0,0,0,0,0,0,0,0,0,0,0,0,0
20250422,5164510486,7256879,0,0,0,0,0,0,0,0,0,0,0,0,0
20250423,3729789905,7491907,0,0,0,0,0,0,0,0,0,0,0,0,0
20250424,4622820816,7783208,0,0,0,0,0,0,0,0,0,0,0,0,0
20250425,2808938462,7960210,0,0,0,0,0,0,0,0,0,0,0,0,0
20250426,2808938462,8137211,0,0,0,0,0,0,0,0,0,0,0,0,0
20250427,2808938462,8314213,0,0,0,0,0,0,0,0,0,0,0,0,0
20250428,3612108492,8541825,0,0,0,0,0,0,0,0,0,0,0,0,0
20250429,3611142077,8769377,0,0,0,0,0,0,0,0,0,0,0,0,0
20250430,3842777358,9011524,0,0,0,0,0,0,0,0,0,0,0,0,0
20250501,3842777358,9253671,0,0,0,0,0,0,0,0,0,0,0,0,0
20250502,2806381334,418988,0,0,0,0,0,0,0,0,0,0,0,0,0
20250503,2806381334,595828,0,0,0,0,0,0,0,0,0,0,0,0,0
20250504,2806381334,772669,0,0,0,0,0,0,0,0,0,0,0,0,0
20250505,2806381334,949509,0,0,0,0,0,0,0,0,0,0,0,0,0
20250506,2806381334,1126349,0,0,0,0,0,0,0,0,0,0,0,0,0
20250507,3911347100,1372818,0,0,0,0,0,0,0,0,0,0,0,0,0
20250508,743235935,1419652,0,0,0,0,0,0,0,0,0,0,0,0,0
20250509,3049207918,1611794,0,0,0,0,0,0,0,0,0,0,0,0,0
20250510,3049207918,1803936,0,0,0,0,0,0,0,0,0,0,0,0,0
20250511,3049207918,1996078,0,0,0,0,0,0,0,0,0,0,0,0,0
20250512,3038644578,2187554,0,0,0,0,0,0,0,0,0,0,0,0,0
20250513,3796573438,2426790,0,0,0,0,0,0,0,0,0,0,0,0,0
20250514,2943238768,2612254,0,0,0,0,0,0,0,0,0,0,0,0,0
20250515,3244477098,2816701,0,0,0,0,0,0,0,0,0,0,0,0,0
20250516,125735801,2824624,0,0,0,0,0,0,0,0,0,0,0,0,0
20250517,125735801,2832547,0,0,0,0,0,0,0,0,0,0,0,0,0
20250518,125735801,2840470,0,0,0,0,0,0,0,0,0,0,0,0,0
20250519,2042797601,2969194,0,0,0,0,0,0,0,0,0,0,0,0,0
20250520,1779646677,3081336,0,0,0,0,0,0,0,0,0,0,0,0,0
20250521,1917267625,3202150,0,0,0,0,0,0,0,0,0,0,0,0,0
20250522,2488539531,3358963,0,0,0,0,0,0,0,0,0,0,0,0,0
20250523,1612370051,3460564,0,0,0,0,0,0,0,0,0,0,0,0,0
20250524,1612370051,3562165,0,0,0,0,0,0,0,0,0,0,0,0,0
20250525,1612370051,3663767,0,0,0,0,0,0,0,0,0,0,0,0,0
20250526,2733375281,3836007,0,0,0,0,0,0,0,0,0,0,0,0,0
20250527,3537983781,4058948,0,0,0,0,0,0,0,0,0,0,0,0,0
20250528,2492315623,4215998,0,0,0,0,0,0,0,0,0,0,0,0,0
20250529,3293591123,4423540,0,0,0,0,0,0,0,0,0,0,0,0,0
20250530,4012583781,4651102,0,0,0,0,0,0,0,0,0,0,0,0,0
20250531,4012583781,4878665,0,0,0,0,0,0,0,0,0,0,0,0,0
20250601,4012583781,5106227,0,0,0,0,0,0,0,0,0,0,0,0,0
20250602,370891207,248597,0,0,0,0,0,0,0,0,0,0,0,0,0
20250603,370891207,269631,0,0,0,0,0,0,0,0,0,0,0,0,0
20250604,4684903460,535322,0,0,0,0,0,0,0,0,0,0,0,0,0
20250605,6700995214,915352,0,0,0,0,0,0,0,0,0,0,0,0,0
20250606,6700995214,1295381,0,0,0,0,0,0,0,0,0,0,0,0,0
20250607,6700995214,1675410,0,0,0,0,0,0,0,0,0,0,0,0,0
20250608,6700995214,2055439,0,0,0,0,0,0,0,0,0,0,0,0,0
20250609,6698848299,2435346,0,0,0,0,0,0,0,0,0,0,0,0,0
20250610,3964571724,2660186,0,0,0,0,0,0,0,0,0,0,0,0,0
20250611,2276009001,2789264,0,0,0,0,0,0,0,0,0,0,0,0,0
20250612,6681352641,3168179,0,0,0,0,0,0,0,0,0,0,0,0,0
20250613,2795385754,3326712,0,0,0,0,0,0,0,0,0,0,0,0,0
20250614,2795385754,3485245,0,0,0,0,0,0,0,0,0,0,0,0,0
20250615,2795385754,3643777,0,0,0,0,0,0,0,0,0,0,0,0,0
20250616,6976535392,4039433,0,0,0,0,0,0,0,0,0,0,0,0,0
20250617,7965171575,4491156,0,0,0,0,0,0,0,0,0,0,0,0,0
20250618,10339153313,5077514,0,0,0,0,0,0,0,0,0,0,0,0,0
20250619,6695091166,5457208,0,0,0,0,0,0,0,0,0,0,0,0,0
20250620,3251330594,5641599,0,0,0,0,0,0,0,0,0,0,0,0,0
20250621,3251330594,5825989,0,0,0,0,0,0,0,0,0,0,0,0,0
20250622,3251330594,6010380,0,0,0,0,0,0,0,0,0,0,0,0,0
20250623,5312602843,6311670,0,0,0,0,0,0,0,0,0,0,0,0,0
20250624,4706339508,6578577,0,0,0,0,0,0,0,0,0,0,0,0,0
20250625,7156943458,6984464,0,0,0,0,0,0,0,0,0,0,0,0,0
20250626,4288279360,7227662,0,0,0,0,0,0,0,0,0,0,0,0,0
20250627,7806438816,7670384,0,0,0,0,0,0,0,0,0,0,0,0,0
20250628,7806438816,8113105,0,0,0,0,0,0,0,0,0,0,0,0,0
20250629,7806438816,8555826,0,0,0,0,0,0,0,0,0,0,0,0,0
20250630,6915670902,8948030,0,0,0,0,0,0,0,0,0,0,0,0,0
20250701,7382535402,418680,0,0,0,0,0,0,0,0,0,0,0,0,0
20250702,6517183553,788285,0,0,0,0,0,0,0,0,0,0,0,0,0
20250703,5676039837,1110186,0,0,0,0,0,0,0,0,0,0,0,0,0
20250704,8783888297,1608341,0,0,0,0,0,0,0,0,0,0,0,0,0
20250705,8783888297,2106496,0,0,0,0,0,0,0,0,0,0,0,0,0
20250706,8783888297,2604651,0,0,0,0,0,0,0,0,0,0,0,0,0
20250707,2758374160,2761084,0,0,0,0,0,0,0,0,0,0,0,0,0
20250708,4658028049,3025252,0,0,0,0,0,0,0,0,0,0,0,0,0
20250709,6251027349,3379762,0,0,0,0,0,0,0,0,0,0,0,0,0
20250710,3631268357,3585700,0,0,0,0,0,0,0,0,0,0,0,0,0
20250711,6947755067,3979723,0,0,0,0,0,0,0,0,0,0,0,0,0
20250712,6947755067,4373747,0,0,0,0,0,0,0,0,0,0,0,0,0
20250713,6947755067,4767770,0,0,0,0,0,0,0,0,0,0,0,0,0
20250714,2934538818,4934195,0,0,0,0,0,0,0,0,0,0,0,0,0
20250715,5924395091,5270181,0,0,0,0,0,0,0,0,0,0,0,0,0
20250716,1692948264,5366192,0,0,0,0,0,0,0,0,0,0,0,0,0
20250717,5690553552,5688917,0,0,0,0,0,0,0,0,0,0,0,0,0
20250718,4351606117,5935706,0,0,0,0,0,0,0,0,0,0,0,0,0
20250719,4351606117,6182496,0,0,0,0,0,0,0,0,0,0,0,0,0
20250720,4351606117,6429286,0,0,0,0,0,0,0,0,0,0,0,0,0
20250721,6656881500,6806813,0,0,0,0,0,0,0,0,0,0,0,0,0
20250722,3955134773,7031118,0,0,0,0,0,0,0,0,0,0,0,0,0
20250723,2639226628,7180795,0,0,0,0,0,0,0,0,0,0,0,0,0
20250724,5298484790,7481284,0,0,0,0,0,0,0,0,0,0,0,0,0
20250725,2843487405,7642545,0,0,0,0,0,0,0,0,0,0,0,0,0
20250726,2843487405,7803806,0,0,0,0,0,0,0,0,0,0,0,0,0
20250727,2843487405,7965066,0,0,0,0,0,0,0,0,0,0,0,0,0
20250728,4669890955,8229907,0,0,0,0,0,0,0,0,0,0,0,0,0
20250729,4878179273,8506560,0,0,0,0,0,0,0,0,0,0,0,0,0
20250730,5440687245,8815114,0,0,0,0,0,0,0,0,0,0,0,0,0
20250731,6026438433,9156887,0,0,0,0,0,0,0,0,0,0,0,0,0
20250801,318547095,18065,0,0,0,0,0,0,0,0,0,0,0,0,0
20250802,318547095,36131,0,0,0,0,0,0,0,0,0,0,0,0,0
20250803,318547095,54196,0,0,0,0,0,0,0,0,0,0,0,0,0
20250804,586736182,87471,0,0,0,0,0,0,0,0,0,0,0,0,0
20250805,3015091293,258464,0,0,0,0,0,0,0,0,0,0,0,0,0
20250806,3879624358,478487,0,0,0,0,0,0,0,0,0,0,0,0,0
20250807,3874967983,698245,0,0,0,0,0,0,0,0,0,0,0,0,0
20250808,4266129461,940187,0,0,0,0,0,0,0,0,0,0,0,0,0
20250809,4266129461,1182129,0,0,0,0,0,0,0,0,0,0,0,0,0
20250810,4266129461,1424072,0,0,0,0,0,0,0,0,0,0,0,0,0
20250811,1734313795,1522429,0,0,0,0,0,0,0,0,0,0,0,0,0
20250812,1594354931,1612848,0,0,0,0,0,0,0,0,0,0,0,0,0
20250813,1591248025,1703092,0,0,0,0,0,0,0,0,0,0,0,0,0
20250814,902361056,1754266,0,0,0,0,0,0,0,0,0,0,0,0,0
20250815,902361056,1805441,0,0,0,0,0,0,0,0,0,0,0,0,0
20250816,902361056,1856616,0,0,0,0,0,0,0,0,0,0,0,0,0
20250817,902361056,1907791,0,0,0,0,0,0,0,0,0,0,0,0,0
20250818,2466728953,2047685,0,0,0,0,0,0,0,0,0,0,0,0,0
20250819,2170225275,2170764,0,0,0,0,0,0,0,0,0,0,0,0,0
20250820,2326510883,2302706,0,0,0,0,0,0,0,0,0,0,0,0,0
20250821,2326642883,2434655,0,0,0,0,0,0,0,0,0,0,0,0,0
20250822,3250267298,2618985,0,0,0,0,0,0,0,0,0,0,0,0,0
20250823,3250267298,2803316,0,0,0,0,0,0,0,0,0,0,0,0,0
20250824,3250267298,2987646,0,0,0,0,0,0,0,0,0,0,0,0,0
20250825,3582488276,3190817,0,0,0,0,0,0,0,0,0,0,0,0,0
20250826,2886237346,3354502,0,0,0,0,0,0,0,0,0,0,0,0,0
20250827,2016969886,3468889,0,0,0,0,0,0,0,0,0,0,0,0,0
20250828,3260593286,3653805,0,0,0,0,0,0,0,0,0,0,0,0,0
20250829,3790223880,3868758,0,0,0,0,0,0,0,0,0,0,0,0,0
20250830,3790223880,4083710,0,0,0,0,0,0,0,0,0,0,0,0,0
20250831,3790223880,4298662,0,0,0,0,0,0,0,0,0,0,0,0,0
20250901,1960714168,111196,0,0,0,0,0,0,0,0,0,0,0,0,0
20250902,1957761118,222225,0,0,0,0,0,0,0,0,0,0,0,0,0
20250903,2687355763,374632,0,0,0,0,0,0,0,0,0,0,0,0,0
20250904,353036859,394653,0,0,0,0,0,0,0,0,0,0,0,0,0
20250905,2365589555,528811,0,0,0,0,0,0,0,0,0,0,0,0,0
20250906,2365589555,662969,0,0,0,0,0,0,0,0,0,0,0,0,0
20250907,2365589555,797127,0,0,0,0,0,0,0,0,0,0,0,0,0
20250908,2583275240,943631,0,0,0,0,0,0,0,0,0,0,0,0,0
20250909,2268660008,1072292,0,0,0,0,0,0,0,0,0,0,0,0,0
20250910,3016584725,1243369,0,0,0,0,0,0,0,0,0,0,0,0,0
20250911,1524042841,1329801,0,0,0,0,0,0,0,0,0,0,0,0,0
20250912,678551974,1368284,0,0,0,0,0,0,0,0,0,0,0,0,0
20250913,678551974,1406766,0,0,0,0,0,0,0,0,0,0,0,0,0
20250914,678551974,1445248,0,0,0,0,0,0,0,0,0,0,0,0,0
20250915,1903118884,1553179,0,0,0,0,0,0,0,0,0,0,0,0,0
20250916,609937790,1587770,0,0,0,0,0,0,0,0,0,0,0,0,0
20250917,1899822955,1695513,0,0,0,0,0,0,0,0,0,0,0,0,0
20250918,223346398,1708179,0,0,0,0,0,0,0,0,0,0,0,0,0
20250919,1032078810,1766711,0,0,0,0,0,0,0,0,0,0,0,0,0
20250920,1032078810,1825243,0,0,0,0,0,0,0,0,0,0,0,0,0
20250921,1032078810,1883774,0,0,0,0,0,0,0,0,0,0,0,0,0
20250922,329408043,1902456,0,0,0,0,0,0,0,0,0,0,0,0,0
20250923,1385451420,1981028,0,0,0,0,0,0,0,0,0,0,0,0,0
20250924,1667480470,2075595,0,0,0,0,0,0,0,0,0,0,0,0,0
20250925,1666755790,2170120,0,0,0,0,0,0,0,0,0,0,0,0,0
20250926,469587960,2196752,0,0,0,0,0,0,0,0,0,0,0,0,0
20250927,469587960,2223383,0,0,0,0,0,0,0,0,0,0,0,0,0
20250928,469587960,2250014,0,0,0,0,0,0,0,0,0,0,0,0,0
20250929,3708773452,2460348,0,0,0,0,0,0,0,0,0,0,0,0,0
20250930,4620465512,2722385,0,0,0,0,0,0,0,0,0,0,0,0,0
20251001,2503495548,141979,0,0,0,0,0,0,0,0,0,0,0,0,0
20251002,3448147384,337531,0,0,0,0,0,0,0,0,0,0,0,0,0
20251003,3448147384,533083,0,0,0,0,0,0,0,0,0,0,0,0,0
20251004,3448147384,728636,0,0,0,0,0,0,0,0,0,0,0,0,0
20251005,3448147384,924188,0,0,0,0,0,0,0,0,0,0,0,0,0
20251006,3448147384,1119741,0,0,0,0,0,0,0,0,0,0,0,0,0
20251007,3448147384,1315293,0,0,0,0,0,0,0,0,0,0,0,0,0
20251008,3448147384,1510846,0,0,0,0,0,0,0,0,0,0,0,0,0
20251009,3448147384,1706398,0,0,0,0,0,0,0,0,0,0,0,0,0
20251010,4271038979,1948619,0,0,0,0,0,0,0,0,0,0,0,0,0
20251011,4271038979,2190839,0,0,0,0,0,0,0,0,0,0,0,0,0
20251012,4271038979,2433060,0,0,0,0,0,0,0,0,0,0,0,0,0
20251013,4448085349,2685321,0,0,0,0,0,0,0,0,0,0,0,0,0
20251014,1998468524,2798659,0,0,0,0,0,0,0,0,0,0,0,0,0
20251015,1246600110,2869357,0,0,0,0,0,0,0,0,0,0,0,0,0
20251016,8544189587,3353918,0,0,0,0,0,0,0,0,0,0,0,0,0
20251017,6410619972,3717479,0,0,0,0,0,0,0,0,0,0,0,0,0
20251018,6410619972,4081040,0,0,0,0,0,0,0,0,0,0,0,0,0
20251019,6410619972,4444601,0,0,0,0,0,0,0,0,0,0,0,0,0
20251020,5283730058,4744254,0,0,0,0,0,0,0,0,0,0,0,0,0
20251021,6900917558,5135621,0,0,0,0,0,0,0,0,0,0,0,0,0
20251022,4430470690,5386883,0,0,0,0,0,0,0,0,0,0,0,0,0
20251023,4396447575,5636216,0,0,0,0,0,0,0,0,0,0,0,0,0
20251024,10888429221,6253724,0,0,0,0,0,0,0,0,0,0,0,0,0
20251025,10888429221,6871232,0,0,0,0,0,0,0,0,0,0,0,0,0
20251026,10888429221,7488741,0,0,0,0,0,0,0,0,0,0,0,0,0
20251027,9208135763,8010955,0,0,0,0,0,0,0,0,0,0,0,0,0
20251028,6864404863,8400252,0,0,0,0,0,0,0,0,0,0,0,0,0
20251029,6729541863,8781900,0,0,0,0,0,0,0,0,0,0,0,0,0
20251030,16258669267,9703967,0,0,0,0,0,0,0,0,0,0,0,0,0
20251031,9801531970,10259834,0,0,0,0,0,0,0,0,0,0,0,0,0
20251101,9801531970,10815701,0,0,0,0,0,0,0,0,0,0,0,0,0
20251102,9801531970,11371569,0,0,0,0,0,0,0,0,0,0,0,0,0
20251103,9314785259,1639998,0,0,0,0,0,0,0,0,0,0,0,0,0
20251104,13615537462,2412167,0,0,0,0,0,0,0,0,0,0,0,0,0
20251105,9377770744,2944002,0,0,0,0,0,0,0,0,0,0,0,0,0
20251106,9547183859,3485445,0,0,0,0,0,0,0,0,0,0,0,0,0
20251107,13740195350,4264684,0,0,0,0,0,0,0,0,0,0,0,0,0
20251108,13740195350,5043922,0,0,0,0,0,0,0,0,0,0,0,0,0
20251109,13740195350,5823161,0,0,0,0,0,0,0,0,0,0,0,0,0
20251110,15234963103,6687171,0,0,0,0,0,0,0,0,0,0,0,0,0
20251111,18886703511,7758280,0,0,0,0,0,0,0,0,0,0,0,0,0
20251112,12406185630,8461863,0,0,0,0,0,0,0,0,0,0,0,0,0
20251113,13906550599,9250536,0,0,0,0,0,0,0,0,0,0,0,0,0
20251114,6315303639,9608692,0,0,0,0,0,0,0,0,0,0,0,0,0
20251115,6315303639,9966847,0,0,0,0,0,0,0,0,0,0,0,0,0
20251116,6315303639,10325003,0,0,0,0,0,0,0,0,0,0,0,0,0
20251117,4143989294,10560018,0,0,0,0,0,0,0,0,0,0,0,0,0
20251118,10772450023,11170949,0,0,0,0,0,0,0,0,0,0,0,0,0
20251119,6215005973,11523417,0,0,0,0,0,0,0,0,0,0,0,0,0
20251120,11183707786,12157671,0,0,0,0,0,0,0,0,0,0,0,0,0
20251121,9298079211,12684986,0,0,0,0,0,0,0,0,0,0,0,0,0
20251122,9298079211,13212302,0,0,0,0,0,0,0,0,0,0,0,0,0
20251123,9298079211,13739618,0,0,0,0,0,0,0,0,0,0,0,0,0
20251124,105763970,13745616,0,0,0,0,0,0,0,0,0,0,0,0,0
20251125,7693703008,14181944,0,0,0,0,0,0,0,0,0,0,0,0,0
20251126,11125486842,14812896,0,0,0,0,0,0,0,0,0,0,0,0,0
20251127,8416980445,15290243,0,0,0,0,0,0,0,0,0,0,0,0,0
20251128,4217665285,15529436,0,0,0,0,0,0,0,0,0,0,0,0,0
20251129,4217665285,15768630,0,0,0,0,0,0,0,0,0,0,0,0,0
20251130,4217665285,16007823,0,0,0,0,0,0,0,0,0,0,0,0,0
20251201,114871164,6514,0,0,0,0,0,0,0,0,0,0,0,0,0
20251202,5184317938,300529,0,0,0,0,0,0,0,0,0,0,0,0,0
20251203,8558387501,785895,0,0,0,0,0,0,0,0,0,0,0,0,0
20251204,6008476114,1126650,0,0,0,0,0,0,0,0,0,0,0,0,0
20251205,416831038,1150289,0,0,0,0,0,0,0,0,0,0,0,0,0
20251206,416831038,1173929,0,0,0,0,0,0,0,0,0,0,0,0,0
20251207,416831038,1197568,0,0,0,0,0,0,0,0,0,0,0,0,0
20251208,4639628333,1460692,0,0,0,0,0,0,0,0,0,0,0,0,0
20251209,2381559726,1595756,0,0,0,0,0,0,0,0,0,0,0,0,0
20251210,444558196,1620968,0,0,0,0,0,0,0,0,0,0,0,0,0
20251211,60932456,1624423,0,0,0,0,0,0,0,0,0,0,0,0,0
20251212,1587508594,1714455,0,0,0,0,0,0,0,0,0,0,0,0,0
20251213,1587508594,1804486,0,0,0,0,0,0,0,0,0,0,0,0,0
20251214,1587508594,1894517,0,0,0,0,0,0,0,0,0,0,0,0,0
20251215,4704142188,2161300,0,0,0,0,0,0,0,0,0,0,0,0,0
20251216,1256178821,2232541,0,0,0,0,1000000000,70410,0,0,0,0,0,0,0
20251217,2229957831,2359007,0,0,0,0,0,0,0,0,0,0,0,0,0
20251218,2914270891,2524282,0,0,0,0,1000000000,70410,0,0,0,0,0,0,0
20251219,327676385,2542866,0,0,0,0,5000000000,353422,0,0,0,0,0,0,0
20251220,327676385,2561449,0,0,0,0,5000000000,706847,0,0,0,0,0,0,0
20251221,327676385,2580032,0,0,0,0,5000000000,1060272,0,0,0,0,0,0,0
20251222,3128619169,2757463,0,0,0,0,0,0,0,0,0,0,0,0,0
20251223,2566124084,2902994,0,0,0,0,0,0,0,0,0,0,0,0,0
20251224,260244364,2917753,0,0,0,0,0,0,0,0,0,0,0,0,0
20251225,260244364,2932512,0,0,0,0,0,0,0,0,0,0,0,0,0
20251226,12641479163,3649440,0,0,0,0,0,0,0,0,0,0,0,0,0
20251227,12641479163,4366368,0,0,0,0,0,0,0,0,0,0,0,0,0
20251228,12641479163,5083296,0,0,0,0,0,0,0,0,0,0,0,0,0
20251229,5860537899,5415660,0,0,0,0,9000000000,641095,5366354131,220650,0,0,0,0,0
20251230,7183488821,5823053,0,0,0,0,0,0,5366631364,441299,0,0,0,0,0
20251231,7196301321,6231172,0,0,0,0,0,0,5368673944,661948,0,0,0,0,0
